adultery,anal sex,analsex,anilingus,anus,ass,ass hole,assbag,assbagger,assbandit,assbang,assbanged
assbanger,assbangs,assbite,assblaster,assclown,asscock,asscowboy,asscracker,asses,assface,assfuck,assfucker
assfukka,assgoblin,assh0le,assh0lez,asshat,asshead,assho1e,asshole,assholes,assholz,asshopper,asshore
assjacker,assjockey,asskiss,asskisser,assklown,asslick,asslicker,asslover,assman,assmaster,assmonkey,assmunch
assmuncher,assnigger,asspacker,asspirate,asspuppies,assrammer,assranger,assshit,assshole,asssucker,asswad,asswhole
asswhore,asswipe,asswipes,auto erotic,autoerotic,azz,azzhole,b00b,b00bies,b00biez,b00bs,b00bz
bareback,barely legal,barelylegal,barenaked,bassterd,bassterds,bast,bastard,bastardo,bastards,bastardz,basterds
basterdz,bdsm,beatoff,beatyourmeat,big breasts,big knockers,big tits,bigass,bigbastard,bigbreasts,bigbutt,bigtits
bitch,bitchass,bitched,bitcher,bitchers,bitches,bitchez,bitchin,bitching,bitchslap,bitchtit,bitchy
biteme,bitties,blow j,blow job,blow your l,blow your load,blowjob,blowjobs,bondage,boner,boners,boob
boobies,boobs,booby,booobs,boooobs,booooobs,booooooobs,booty,brea5t,breast,breastjob,breastlover
breastman,breasts,brothel,brown shower,brown showers,bull shit,bulldike,bulldyke,bullet vibe,bullshit,bullshits,bullshitted
butchbabes,butchdike,butchdyke,butt,butt plug,butt-pirate,buttbang,buttcheeks,buttface,buttfuck,buttfucker,buttfuckers
butthead,butthole,buttman,buttmuch,buttmunch,buttmuncher,buttock,buttocks,buttpirate,buttplug,buttstain,buttwipe
c0ck,c0cks,c0cksucker,c0k,caca,camboy,camgirl,camwhore,cawk,cawks,cazzo,cl1t
clit,clitface,clitfuck,clitoris,clits,clitty,cnts,cntz,cnut,cock,cock sucker,cock-head
cock-sucker,cockbite,cockblock,cockblocker,cockburger,cockcowboy,cockface,cockfight,cockfucker,cockhead,cockholster,cockjockey
cockknob,cockknocker,cockknoker,cocklicker,cocklover,cockmaster,cockmongler,cockmongruel,cockmonkey,cockmunch,cockmuncher,cocknob
cocknose,cocknugget,cockqueen,cockrider,cocks,cockshit,cocksman,cocksmith,cocksmoker,cocksucer,cocksuck,cocksucked
cocksucker,cocksucking,cocksucks,cocksuka,cocksukka,cocktease,cocky,coital,coitus,cok,cokmuncher,coksucka
condom,copulate,corksucker,cowgirl,crackwhore,crap,crapola,crapper,crappy,creampie,crotch,crotchjockey
crotchmonkey,crotchrot,cum,cum face,cum licker,cumbubble,cumdumpster,cumfest,cumguzzler,cuming,cumjockey,cumlickr
cumm,cummer,cummin,cumming,cumquat,cumqueen,cums,cumshot,cumshots,cumslut,cumstain,cumsucker
cumtart,cunilingus,cunillingus,cunn,cunnie,cunnilingus,cunntt,cunny,cunt,cunteyed,cuntface,cuntfuck
cuntfucker,cunthole,cunthunter,cuntlick,cuntlicker,cuntlicking,cuntrag,cunts,cuntslut,cuntsucker,cuntz,cybersex
d0uch3,d0uche,d1ld0,d1ldo,dawgie style,dawgie-style,deapthroat,deep throat,deep throating,deepthroat,deepthroating,destroyyourpussy
dick,dick head,dick pic,dick-ish,dickbag,dickbeater,dickbeaters,dickbrain,dickdipper,dickface,dickflipper,dickforbrains
dickfuck,dickhead,dickheads,dickhole,dickish,dickjuice,dickless,dicklick,dicklicker,dickman,dickmilk,dickmonger
dickpic,dickripper,dicks,dicksipper,dickslap,dickslicker,dicksucker,dickwad,dickweasel,dickweed,dickwhipper,dickwod
dickzipper,dike,dild0,dild0s,dildo,dildos,dilf,dilld0,dilld0s,dipship,dipshit,dipstick
dirty,dirty pillows,dixiedike,dixiedyke,dog style,dog-fucker,doggie,doggie style,doggie-style,doggiestyle,doggin,dogging
doggy,doggy style,doggy-style,doggystyle,dominatricks,dominatrics,dominatrix,dommes,doodoo,dookie,double penetration,doublepenetration
douch3,douche,douche bag,douche-fag,douchebag,douchebags,douchewaffle,douchey,dp action,dpaction,duche,dumass
dumb,dumb ass,dumbass,dumbasses,dumbbitch,dumbfuck,dumbshit,dumshit,dyke,dykes,earotics,easyslut
ecchi,ejackulate,ejaculat,ejaculation,ejakulate,ero,erotic,erotica,eroticism,escort,escorting,explicit
fag,fag1t,fagbag,faget,fagfucker,fagg,fagg1t,fagged,fagging,faggit,faggitt,faggot
faggotcock,faggs,fagit,fagot,fagots,fags,fagt,fagtard,fagz,faig,faigs,faigt
fart,farted,farting,fartknocker,farty,fatass,felatio,felch,felcher,felching,fellate,fellatio
feltch,feltcher,feltching,female squirting,femalesquirtin,femalesquirting,fetish,fetishism,fingerbang,fingerfood,fingerfuck,fingerfucked
fingerfucker,fingerfuckers,fingerfucking,fingerfucks,fingering,fisted,fister,fistfuck,fistfucked,fistfucker,fistfuckers,fistfucking
fistfuckings,fistfucks,fisting,fisty,flatulence,foot fetish,footaction,footfetish,footfuck,footfucker,footjob,footlicker
footstar,foreplay,foreskin,fornicate,foursome,frotting,fuck,fuck her,fuck him,fuck me,fuck off,fuck that
fuck this,fuck you,fucka,fuckable,fuckass,fuckbag,fuckbitch,fuckbook,fuckboy,fuckbrain,fuckbuddy,fuckbutt
fuckd,fucked,fuckedup,fucker,fuckers,fuckersucker,fuckface,fuckfest,fuckfreak,fuckfriend,fuckhead,fuckheads
fuckher,fuckhole,fuckin,fuckina,fucking,fuckings,fuckingshitmotherfucker,fuckinnuts,fuckinright,fuckit,fuckknob,fuckme
fuckmeat,fuckmehard,fuckmonkey,fuckn,fucknugget,fucknut,fucknuts,fucknutt,fucknutz,fuckoff,fuckpig,fuckpuppet
fuckr,fucks,fuckstick,fucktard,fucktards,fucktoy,fucktrophy,fuckup,fuckwad,fuckwhit,fuckwhore,fuckwit
fuckwitt,fuckyomama,fuckyou,fugly,fuk,fukah,fuken,fuker,fukin,fuking,fukk,fukkah
fukken,fukker,fukkin,fukking,fuks,fuktard,fuktards,fukwhit,fukwit,futanari,futanary,fuuck
fux,fux0r,fuxor,fvck,fvk,fxck,g00k,gang bang,gangbang,gangbanged,gangbanger,gangbangs
gassyass,gay sex,gayass,gaysex,genital,genitals,getiton,givehead,glans,gob,golden shower,goldenshower
gonad,gonads,gook,gook eye,gook eyes,gookeye,gookeyes,gookies,gooks,gooky,goregasm,groin
group sex,gstring,h00r,h0ar,h0m0,h0mo,h0r,h0re,hand job,handjob,hardcoresex,hardon
hentai,ho,hoare,hobag,hoer,hoes,hom0,homo,homobangers,homodumbshit,homoey,hooker
hookers,hoor,hoore,hore,horndawg,horndog,horney,horniest,horny,horseshit,hotpussy,hotsex
hymen,intercourse,j3rk0ff,jack off,jack-off,jackass,jackhole,jackoff,jackshit,jerk,jerk off,jerk-off
jerk0ff,jerked,jerkoff,jisim,jism,jiss,jiz,jizim,jizin,jizjuice,jizm,jizn
jizz,jizzd,jizzed,jizzim,jizzin,jizzn,jizzum,kinky,kissass,knob,knobbing,knobead
knobed,knobend,knobhead,knobjocky,knobjokey,knobz,knockers,kock,kum,kumbubble,kumbullbe,kumer
kummer,kumming,kumquat,kums,kunilingus,kunnilingus,kunt,kunts,kuntz,labia,lapdance,lesbain
lesbayn,lesbin,lesbo,lesbos,lewd,lez,lezbe,lezbefriends,lezbian,lezbians,lezbo,lezbos
lezz,lezzian,lezzie,lezzies,lezzo,lezzy,licking,limpdick,livesex,lolita,lowlife,lubejob
m0f0,m0fo,m45terbate,ma5terb8,ma5terbate,mafugly,magicwand,male squirting,mams,masochist,masokist,massterbait
masstrbait,masstrbate,mastabate,mastabater,master-bate,masterb8,masterbaiter,masterbat,masterbat3,masterbate,masterblaster,mastrabator
masturbat,masturbating,masturbation,milf,mofo,moron,mothafuck,mothafucka,mothafuckaz,mothafucked,mothafucker,mothafuckin
mothafucking,mothafuckings,mother fucker,motherfuck,motherfucked,motherfucker,motherfuckers,motherfuckin,motherfucking,motherfuckings,muff,muffdive
muffdiver,muffindiver,mufflikcer,nastybitch,nastyho,nastyslut,nastywhore,nipple,nipplering,nipples,obscene,oral sex
orga,orgasim,orgasm,orgasmic,orgies,orgy,pansies,pansy,pearlnecklace,pee,pee-pee,peehole
peepshow,peepshpw,peni5,penile,penis,penises,perv,phonesex,piece of shit,pimp,pimped,pimper
pimpjuic,pimpjuice,pimpsimp,pindick,piss,piss off,pissed,pisser,pisses,pisshead,pissin,pissing
pissoff,poon,poontang,poop,pooper,pooperscooper,pooping,popimp,porn,pornflick,pornking,porno
pornographic,pornography,pornprincess,pric,prick,prickhead,prostitute,prostitution,pu55i,pu55y,pube,pubic
pubiclice,pud,pudboy,pudd,puddboy,puke,puntang,puss,pussie,pussies,pussy,pussycat
pussyeater,pussyfucker,pussylicker,pussylips,pussylover,pussypounder,pusy,queef,queer,queers,quim,rearend
rectum,redlight,rimjob,rimming,rump,sadis,sadom,schlong,screw,screw off,screw you,screwyou
scrotum,semen,sex,sexed,sexfarm,sexhound,sexhouse,sexing,sexkitten,sexpot,sexslave,sext
sexting,sextogo,sextoy,sextoys,sexual,sexual intercourse,sexually,sexwhore,sexy-slim,sexymoma,shag,shaggin
shagging,shat,shit,shit face,shit for brains,shit head,shitbox,shitcan,shitdick,shite,shiteater,shited
shitface,shitfaced,shitfit,shitforbrains,shitfuck,shitfucker,shitfull,shithapens,shithappens,shithead,shithouse,shiting
shitlist,shitola,shitoutofluck,shits,shitstain,shitted,shitter,shitting,shitty,sissy,skank,skankbitch
skankfuck,skankwhore,skanky,skankybitch,skankywhore,slime,slimeball,slimebucket,slut,sluts,slutt,slutting
slutty,slutwear,slutwhore,smackthemonkey,smart ass,smartass,smut,snatch,snatchpatch,snot,son of a bitch,sonofabitch
spankthemonkey,sperm,spunk,spunky,squirting,stiffy,strapon,stripper,suck,suckdick,sucker,sucking
suckme,suckmyass,suckmydick,suckmytit,suckoff,swallow,swallower,swalow,tampon,teste,testicle,testicles
threesome,threeway,tinkle,tit,titbitnipply,titfuck,titfucker,titfuckin,titjob,titlicker,titlover,tits
tittie,titties,titty,tongethruster,tonguethrust,tonguetramp,trannie,tranny,transexual,transsexual,transvestite,trisexual
trojan,turd,twat,twerking,twink,twinkie,upskirt,vagina,vaginal,vibr,vibrater,vibrator
vulva,wank,wanker,wanking,weenie,weewee,wetb,wetback,wetspot,whore,whorefucker,whorehouse
whores,willie,williewanker,willy,xxx
